0x88a1493366D48225fc3cEFbdae9eBb23E323Ade3, Bybit 2
0x6Bd869be16359f9E26f0608A50497f6Ef122eE3E, Bybit 11
0xA7A93fd0a276fc1C0197a5B5623eD117786eeD06, Bybit: Hot Wallet 2
0xe1ab8c08294F8ee707D4eFa458eaB8BbEeB09215, Bybit: Hot Wallet 3
0xee5B5B923fFcE93A870B3104b7CA09c3db80047A, Bybit: Hot Wallet 4
0xBaeD383EDE0e5d9d72430661f3285DAa77E9439F, Bybit: Hot Wallet 6
0xF5F3436A05B5CEd2490DAE07B86EB5BbD02782aA, Bybit: Hot Wallet 7
0x4230C402c08cB66DCf3820649A115e54661FCe9D, Bybit: Hot Wallet 8
0x3D5202A0564De9B05eCd07C955BcCA964585ea03, Bybit: Hot Wallet 9
0xc93e48d89F2d6DBc1672908aA68Ce7c24d0413B4, Bybit: Hot Wallet 10
0xa1abfA21f80ecf401bd41365adBb6fEF6fEfDF09, Bybit: Hot Wallet 12
