0x32Be343B94f860124dC4fEe278FDCBD38C102D88, Poloniex 1
0x209c4784AB1E8183Cf58cA33cb740efbF3FC18EF, Poloniex 2
0xb794F5eA0ba39494cE839613fffBA74279579268, Poloniex 3
0xA910f92ACdAf488fa6eF02174fb86208Ad7722ba, Poloniex 4
0xBFC39b6F805a9E40E77291afF27aeE3C96915BDD, Poloniex 5
0xDf21fA922215B1a56f5a6D6294E6E36c85A0Acfb, Poloniex 6
0x8fCA4adE3a517133fF23ca55CdAea29C78C990b8, Poloniex 7
0x007abbe8057433641aCB791d966D33a12cf82d01, Poloniex 8
0x176F3DAb24a159341c0509bB36B833E7fdd0a132, Poloniex 9
0xb42b20ddbEabdC2a288Be7FF847fF94fB48d2579, Poloniex: Deposit Funder
0x0038598EcB3B308EBc6c6e2c635BaCaA3c5298a3, Eth2 Depositor